<?xml version="1.0" encoding="UTF-8"?>
<beans xmlns="http://www.springframework.org/schema/beans"
	xmlns:xsi="http://www.w3.org/2001/XMLSchema-instance"
	xmlns:p="http://www.springframework.org/schema/p"
	xmlns:context="http://www.springframework.org/schema/context"
	xmlns:tx="http://www.springframework.org/schema/tx"
	xmlns:jdbc="http://www.springframework.org/schema/jdbc"
	xsi:schemaLocation="http://www.springframework.org/schema/beans http://www.springframework.org/schema/beans/spring-beans.xsd
						http://www.springframework.org/schema/context http://www.springframework.org/schema/context/spring-context.xsd
						http://www.springframework.org/schema/tx http://www.springframework.org/schema/tx/spring-tx.xsd
						http://www.springframework.org/schema/jdbc http://www.springframework.org/schema/jdbc/spring-jdbc.xsd">
	<!-- Support annotation -->
	<context:annotation-config />
	<!-- support annotation transaction -->
	<tx:annotation-driven
		transaction-manager="txManager" />
	<jdbc:embedded-database id="dataSource"
		type="H2">
		<jdbc:script location="classpath:sql/create-table.sql" />
		<jdbc:script location="classpath:sql/insert-data.sql" />
	</jdbc:embedded-database>
	<bean id="txManager"
		class="org.springframework.jdbc.datasource.DataSourceTransactionManager">
		<property name="dataSource" ref="dataSource" />
	</bean>
	<!-- spring jdbc template -->
	<bean id="jdbcTemplate"
		class="org.springframework.jdbc.core.JdbcTemplate">
		<property name="dataSource" ref="dataSource"></property>
	</bean>
	<!-- service -->
	<bean id="productservice"
		class="com.in28minutes.service.ProductServiceimpl" />
	<!-- dao -->
	<bean id="productDao"
		class="com.in28minutes.dao.ProductDaoimpl" />
</beans>